,sport_id,stat_name,stat_value,full_name,last_name,american_price,decimal_price,choice,payout_multiplier,player_id,game_id,date,venue,is_home_game,walks,strikeouts,hist_batting_avg,hist_obp,games_played,hist_walks_per_game,hist_walk_rate,hist_walks_last_10,hist_strikeouts_per_game,hist_k_rate,hist_ks_last_10,pitcher_id,pitcher_hist_era,pitcher_hist_whip,pitcher_hist_k_per_9,pitcher_hist_k_rate,pitcher_recent_k_per_9,pitcher_hist_bb_per_9,pitcher_hist_bb_rate,pitcher_recent_bb_per_9,pitcher_hist_k_bb_ratio,venue_is_dome,temperature
0,MLB,walks,0.5,Paul Goldschmidt,Goldschmidt,+196,2.96,over,1.53,502671,778057,2025-05-04,Yankee Stadium,True,1,0,0.24540901502504173,0.07186544342507645,15,0.26666666666666666,0.07186544342507645,0.3,0.8,0.26452599388379205,0.6,671737,4.11,1.22,10.043478260869565,0.2664359861591695,10.043478260869565,3.0652173913043477,0.08131487889273356,3.0652173913043477,3.276595744680851,False,66.2
1,MLB,batter_strikeouts,1.5,Paul Goldschmidt,Goldschmidt,+213,3.13,over,1.54,502671,778057,2025-05-04,Yankee Stadium,True,1,0,0.24540901502504173,0.07186544342507645,15,0.26666666666666666,0.07186544342507645,0.3,0.8,0.26452599388379205,0.6,671737,4.11,1.22,10.043478260869565,0.2664359861591695,10.043478260869565,3.0652173913043477,0.08131487889273356,3.0652173913043477,3.276595744680851,False,66.2
2,MLB,batter_strikeouts,0.5,Freddie Freeman,Freeman,-152,1.66,over,0.82,518692,778132,2025-04-28,Dodger Stadium,True,1,1,0.2822878228782288,0.12225705329153605,7,0.42857142857142855,0.12225705329153605,0.42857142857142855,0.42857142857142855,0.15673981191222572,0.42857142857142855,665795,4.0,1.3,8.0,0.22,8.0,3.0,0.08,3.0,2.7,False,62.42
3,MLB,batter_strikeouts,0.5,Freddie Freeman,Freeman,+123,2.23,under,1.12,518692,778132,2025-04-28,Dodger Stadium,True,1,1,0.2822878228782288,0.12225705329153605,7,0.42857142857142855,0.12225705329153605,0.42857142857142855,0.42857142857142855,0.15673981191222572,0.42857142857142855,665795,4.0,1.3,8.0,0.22,8.0,3.0,0.08,3.0,2.7,False,62.42
4,MLB,batter_strikeouts,0.5,Salvador Perez,Perez,-209,1.48,over,0.71,521692,778152,2025-04-27,Kauffman Stadium,True,0,0,0.2711864406779661,0.06748466257668712,7,0.14285714285714285,0.06748466257668712,0.14285714285714285,1.1428571428571428,0.19785276073619631,1.1428571428571428,686613,3.4899999999999998,1.2700000000000002,9.476470588235294,0.25140449438202245,9.476470588235294,3.176470588235294,0.08426966292134831,3.176470588235294,2.9833333333333334,False,60.8
5,MLB,batter_strikeouts,0.5,Salvador Perez,Perez,+166,2.66,under,1.32,521692,778152,2025-04-27,Kauffman Stadium,True,0,0,0.2711864406779661,0.06748466257668712,7,0.14285714285714285,0.06748466257668712,0.14285714285714285,1.1428571428571428,0.19785276073619631,1.1428571428571428,686613,3.4899999999999998,1.2700000000000002,9.476470588235294,0.25140449438202245,9.476470588235294,3.176470588235294,0.08426966292134831,3.176470588235294,2.9833333333333334,False,60.8
6,MLB,walks,0.5,Marcell Ozuna,Ozuna,+110,2.1,over,1.12,542303,778214,2025-04-23,Truist Park,True,1,1,0.30198019801980197,0.10755813953488372,6,0.5,0.10755813953488372,0.5,1.0,0.24709302325581395,1.0,571945,5.35,1.28,6.413551401869159,0.16944444444444445,6.41355140186916,1.3142523364485983,0.034722222222222224,1.3142523364485983,4.88,False,76.1
7,MLB,batter_strikeouts,0.5,Marcell Ozuna,Ozuna,+209,3.09,under,1.52,542303,778214,2025-04-23,Truist Park,True,1,1,0.30198019801980197,0.10755813953488372,6,0.5,0.10755813953488372,0.5,1.0,0.24709302325581395,1.0,571945,5.35,1.28,6.413551401869159,0.16944444444444445,6.41355140186916,1.3142523364485983,0.034722222222222224,1.3142523364485983,4.88,False,76.1
8,MLB,batter_strikeouts,0.5,Marcus Semien,Semien,-130,1.77,over,0.9,543760,778070,2025-05-03,Globe Life Field,False,1,0,0.23692307692307693,0.08913649025069638,11,0.5454545454545454,0.08913649025069638,0.6,1.0909090909090908,0.14623955431754876,1.0,622491,3.64,1.17,8.994860079954313,0.24339360222531292,8.994860079954313,2.4157624214734437,0.06536856745479833,2.415762421473444,3.723404255319149,True,71.24000000000001
9,MLB,batter_strikeouts,0.5,Marcus Semien,Semien,+106,2.06,under,1.06,543760,778070,2025-05-03,Globe Life Field,False,1,0,0.23692307692307693,0.08913649025069638,11,0.5454545454545454,0.08913649025069638,0.6,1.0909090909090908,0.14623955431754876,1.0,622491,3.64,1.17,8.994860079954313,0.24339360222531292,8.994860079954313,2.4157624214734437,0.06536856745479833,2.415762421473444,3.723404255319149,True,71.24000000000001
10,MLB,batter_strikeouts,0.5,Bryce Harper,Harper,-223,1.45,over,0.69,547180,778078,2025-05-03,Citizens Bank Park,True,1,1,0.28545454545454546,0.12044374009508717,10,0.8,0.12044374009508717,0.8,0.6,0.21870047543581617,0.6,694297,4.71,1.24,9.188741721854306,0.24342105263157895,9.188741721854306,2.0860927152317883,0.05526315789473684,2.0860927152317883,4.404761904761905,False,78.80000000000001
11,MLB,batter_strikeouts,0.5,Bryce Harper,Harper,+177,2.77,under,1.39,547180,778078,2025-05-03,Citizens Bank Park,True,1,1,0.28545454545454546,0.12044374009508717,10,0.8,0.12044374009508717,0.8,0.6,0.21870047543581617,0.6,694297,4.71,1.24,9.188741721854306,0.24342105263157895,9.188741721854306,2.0860927152317883,0.05526315789473684,2.0860927152317883,4.404761904761905,False,78.80000000000001
12,MLB,batter_strikeouts,0.5,Nolan Arenado,Arenado,+132,2.32,over,1.18,571448,778068,2025-05-03,Busch Stadium,True,0,1,0.27162629757785467,0.06929133858267716,10,0.5,0.06929133858267716,0.5,0.5,0.14488188976377953,0.5,656731,4.040000000000001,1.3099999999999998,10.5,0.27002967359050445,10.5,3.6923076923076925,0.09495548961424333,3.6923076923076925,2.84375,False,51.98
13,MLB,batter_strikeouts,0.5,Nolan Arenado,Arenado,-164,1.61,under,0.8,571448,778068,2025-05-03,Busch Stadium,True,0,1,0.27162629757785467,0.06929133858267716,10,0.5,0.06929133858267716,0.5,0.5,0.14488188976377953,0.5,656731,4.040000000000001,1.3099999999999998,10.5,0.27002967359050445,10.5,3.6923076923076925,0.09495548961424333,3.6923076923076925,2.84375,False,51.98
14,MLB,batter_strikeouts,0.5,Max Muncy,Muncy,-228,1.44,over,0.69,571970,778109,2025-04-30,Dodger Stadium,False,1,1,0.2320675105485232,0.15358361774744028,8,1.0,0.15358361774744028,1.0,1.25,0.2627986348122867,1.25,615698,4.98,1.5200000000000002,6.684672518568536,0.1676829268292683,6.684672518568536,4.193112761647536,0.10518292682926829,4.193112761647535,1.5942028985507246,False,70.88
15,MLB,batter_strikeouts,0.5,Max Muncy,Muncy,+181,2.81,under,1.41,571970,778109,2025-04-30,Dodger Stadium,False,1,1,0.2320675105485232,0.15358361774744028,8,1.0,0.15358361774744028,1.0,1.25,0.2627986348122867,1.25,615698,4.98,1.5200000000000002,6.684672518568536,0.1676829268292683,6.684672518568536,4.193112761647536,0.10518292682926829,4.193112761647535,1.5942028985507246,False,70.88
16,MLB,batter_strikeouts,0.5,Mike Yastrzemski,Yastrzemski,-182,1.55,over,0.74,573262,778082,2025-05-02,Oracle Park,True,0,0,0.23130841121495327,0.08016877637130802,7,0.42857142857142855,0.08016877637130802,0.42857142857142855,0.7142857142857143,0.2616033755274262,0.7142857142857143,622608,6.569999999999999,1.8600000000000003,5.206611570247934,0.12962962962962962,5.206611570247934,5.9504132231404965,0.14814814814814814,5.9504132231404965,0.875,False,55.94
17,MLB,batter_strikeouts,0.5,Mike Yastrzemski,Yastrzemski,+148,2.48,under,1.23,573262,778082,2025-05-02,Oracle Park,True,0,0,0.23130841121495327,0.08016877637130802,7,0.42857142857142855,0.08016877637130802,0.42857142857142855,0.7142857142857143,0.2616033755274262,0.7142857142857143,622608,6.569999999999999,1.8600000000000003,5.206611570247934,0.12962962962962962,5.206611570247934,5.9504132231404965,0.14814814814814814,5.9504132231404965,0.875,False,55.94
18,MLB,batter_strikeouts,0.5,Willson Contreras,Contreras,-179,1.56,over,0.75,575929,778068,2025-05-03,Busch Stadium,False,0,1,0.26245847176079734,0.12569832402234637,10,0.3,0.12569832402234637,0.3,1.1,0.2681564245810056,1.1,656731,4.040000000000001,1.3099999999999998,10.5,0.27002967359050445,10.5,3.6923076923076925,0.09495548961424333,3.6923076923076925,2.84375,False,51.98
19,MLB,batter_strikeouts,0.5,Willson Contreras,Contreras,+144,2.44,under,1.2,575929,778068,2025-05-03,Busch Stadium,False,0,1,0.26245847176079734,0.12569832402234637,10,0.3,0.12569832402234637,0.3,1.1,0.2681564245810056,1.1,656731,4.040000000000001,1.3099999999999998,10.5,0.27002967359050445,10.5,3.6923076923076925,0.09495548961424333,3.6923076923076925,2.84375,False,51.98
20,MLB,batter_strikeouts,0.5,Nick Castellanos,Castellanos,-134,1.75,over,0.89,592206,778078,2025-05-03,Citizens Bank Park,False,0,0,0.25412541254125415,0.0622154779969651,9,0.2222222222222222,0.0622154779969651,0.2222222222222222,0.8888888888888888,0.2109256449165402,0.8888888888888888,694297,4.71,1.24,9.188741721854306,0.24342105263157895,9.188741721854306,2.0860927152317883,0.05526315789473684,2.0860927152317883,4.404761904761905,False,78.80000000000001
21,MLB,batter_strikeouts,0.5,Nick Castellanos,Castellanos,+109,2.09,under,1.07,592206,778078,2025-05-03,Citizens Bank Park,False,0,0,0.25412541254125415,0.0622154779969651,9,0.2222222222222222,0.0622154779969651,0.2222222222222222,0.8888888888888888,0.2109256449165402,0.8888888888888888,694297,4.71,1.24,9.188741721854306,0.24342105263157895,9.188741721854306,2.0860927152317883,0.05526315789473684,2.0860927152317883,4.404761904761905,False,78.80000000000001
22,MLB,walks,0.5,Aaron Judge,Judge,-130,1.77,over,1.0,592450,778057,2025-05-04,Yankee Stadium,True,0,1,0.3220035778175313,0.18892045454545456,13,0.46153846153846156,0.18892045454545456,0.6,0.9230769230769231,0.24289772727272727,0.5,671737,4.11,1.22,10.043478260869565,0.2664359861591695,10.043478260869565,3.0652173913043477,0.08131487889273356,3.0652173913043477,3.276595744680851,False,66.2
23,MLB,walks,0.5,Aaron Judge,Judge,-106,1.95,under,1.0,592450,778057,2025-05-04,Yankee Stadium,True,0,1,0.3220035778175313,0.18892045454545456,13,0.46153846153846156,0.18892045454545456,0.6,0.9230769230769231,0.24289772727272727,0.5,671737,4.11,1.22,10.043478260869565,0.2664359861591695,10.043478260869565,3.0652173913043477,0.08131487889273356,3.0652173913043477,3.276595744680851,False,66.2
24,MLB,batter_strikeouts,1.5,Aaron Judge,Judge,+119,2.19,over,1.13,592450,778057,2025-05-04,Yankee Stadium,True,0,1,0.3220035778175313,0.18892045454545456,13,0.46153846153846156,0.18892045454545456,0.6,0.9230769230769231,0.24289772727272727,0.5,671737,4.11,1.22,10.043478260869565,0.2664359861591695,10.043478260869565,3.0652173913043477,0.08131487889273356,3.0652173913043477,3.276595744680851,False,66.2
25,MLB,batter_strikeouts,1.5,Aaron Judge,Judge,-145,1.69,under,0.86,592450,778057,2025-05-04,Yankee Stadium,True,0,1,0.3220035778175313,0.18892045454545456,13,0.46153846153846156,0.18892045454545456,0.6,0.9230769230769231,0.24289772727272727,0.5,671737,4.11,1.22,10.043478260869565,0.2664359861591695,10.043478260869565,3.0652173913043477,0.08131487889273356,3.0652173913043477,3.276595744680851,False,66.2
26,MLB,batter_strikeouts,0.5,Manny Machado,Machado,-164,1.61,over,0.79,592518,778126,2025-04-29,Petco Park,True,0,1,0.2748735244519393,0.06998444790046657,10,0.5,0.06998444790046657,0.5,0.3,0.19284603421461896,0.3,657277,3.47,1.23,7.580803134182176,0.20451843043995244,7.580803134182175,2.203721841332028,0.059453032104637336,2.203721841332028,3.44,False,62.96
27,MLB,batter_strikeouts,0.5,Manny Machado,Machado,+133,2.33,under,1.18,592518,778126,2025-04-29,Petco Park,True,0,1,0.2748735244519393,0.06998444790046657,10,0.5,0.06998444790046657,0.5,0.3,0.19284603421461896,0.3,657277,3.47,1.23,7.580803134182176,0.20451843043995244,7.580803134182175,2.203721841332028,0.059453032104637336,2.203721841332028,3.44,False,62.96
28,MLB,batter_strikeouts,0.5,Christian Yelich,Yelich,-167,1.6,over,0.77,592885,778071,2025-05-03,American Family Field,True,0,1,0.3148148148148148,0.12698412698412698,8,0.5,0.12698412698412698,0.5,1.375,0.18412698412698414,1.375,592791,3.2700000000000005,1.13,6.814052089642641,0.18518518518518517,6.814052089642641,1.7989097516656574,0.04888888888888889,1.7989097516656574,3.787878787878788,True,46.4
29,MLB,batter_strikeouts,0.5,Christian Yelich,Yelich,+135,2.35,under,1.16,592885,778071,2025-05-03,American Family Field,True,0,1,0.3148148148148148,0.12698412698412698,8,0.5,0.12698412698412698,0.5,1.375,0.18412698412698414,1.375,592791,3.2700000000000005,1.13,6.814052089642641,0.18518518518518517,6.814052089642641,1.7989097516656574,0.04888888888888889,1.7989097516656574,3.787878787878788,True,46.4
30,MLB,batter_strikeouts,0.5,Xander Bogaerts,Bogaerts,-159,1.63,over,0.81,593428,778126,2025-04-29,Petco Park,False,0,1,0.26401869158878505,0.06047516198704104,10,0.7,0.06047516198704104,0.7,0.9,0.17062634989200864,0.9,657277,3.47,1.23,7.580803134182176,0.20451843043995244,7.580803134182175,2.203721841332028,0.059453032104637336,2.203721841332028,3.44,False,62.96
31,MLB,batter_strikeouts,0.5,Xander Bogaerts,Bogaerts,+129,2.29,under,1.16,593428,778126,2025-04-29,Petco Park,False,0,1,0.26401869158878505,0.06047516198704104,10,0.7,0.06047516198704104,0.7,0.9,0.17062634989200864,0.9,657277,3.47,1.23,7.580803134182176,0.20451843043995244,7.580803134182175,2.203721841332028,0.059453032104637336,2.203721841332028,3.44,False,62.96
32,MLB,batter_strikeouts,0.5,Jorge Polanco,Polanco,-137,1.73,over,0.88,593871,778136,2025-04-27,T-Mobile Park,True,0,0,0.21342925659472423,0.09808102345415778,3,0.0,0.09808102345415778,0.0,0.3333333333333333,0.2921108742004264,0.3333333333333333,676974,5.68,1.42,7.2631578947368425,0.18548387096774194,7.2631578947368425,3.0,0.07661290322580645,3.0,2.4210526315789473,False,53.06
33,MLB,batter_strikeouts,0.5,Jorge Polanco,Polanco,+112,2.12,under,1.1,593871,778136,2025-04-27,T-Mobile Park,True,0,0,0.21342925659472423,0.09808102345415778,3,0.0,0.09808102345415778,0.0,0.3333333333333333,0.2921108742004264,0.3333333333333333,676974,5.68,1.42,7.2631578947368425,0.18548387096774194,7.2631578947368425,3.0,0.07661290322580645,3.0,2.4210526315789473,False,53.06
34,MLB,walks,0.5,Francisco Lindor,Lindor,+221,3.21,over,1.69,596019,778103,2025-05-01,Citi Field,True,0,1,0.27346278317152106,0.08127721335268505,11,0.5454545454545454,0.08127721335268505,0.4,0.36363636363636365,0.18432510885341075,0.4,668678,3.6500000000000004,1.2600000000000002,9.486486486486486,0.25120772946859904,9.486486486486486,3.2837837837837838,0.08695652173913043,3.2837837837837838,2.888888888888889,True,69.98
35,MLB,batter_strikeouts,1.5,Francisco Lindor,Lindor,+206,3.06,over,1.5,596019,778103,2025-05-01,Citi Field,True,0,1,0.27346278317152106,0.08127721335268505,11,0.5454545454545454,0.08127721335268505,0.4,0.36363636363636365,0.18432510885341075,0.4,668678,3.6500000000000004,1.2600000000000002,9.486486486486486,0.25120772946859904,9.486486486486486,3.2837837837837838,0.08695652173913043,3.2837837837837838,2.888888888888889,True,69.98
36,MLB,batter_strikeouts,0.5,Mookie Betts,Betts,-104,1.97,over,1.0,605141,778132,2025-04-28,Dodger Stadium,True,0,1,0.28888888888888886,0.1182170542635659,10,0.5,0.1182170542635659,0.5,0.3,0.11046511627906977,0.3,665795,4.0,1.3,8.0,0.22,8.0,3.0,0.08,3.0,2.7,False,62.42
37,MLB,batter_strikeouts,0.5,Mookie Betts,Betts,-120,1.84,under,1.0,605141,778132,2025-04-28,Dodger Stadium,True,0,1,0.28888888888888886,0.1182170542635659,10,0.5,0.1182170542635659,0.5,0.3,0.11046511627906977,0.3,665795,4.0,1.3,8.0,0.22,8.0,3.0,0.08,3.0,2.7,False,62.42
38,MLB,batter_strikeouts,0.5,Ketel Marte,Marte,-186,1.54,over,0.74,606466,778515,2025-03-30,Chase Field,True,1,1,0.2916666666666667,0.11149228130360206,2,0.0,0.11149228130360206,0.0,1.0,0.18181818181818182,1.0,571510,4.0,1.3,8.0,0.22,8.0,3.0,0.08,3.0,2.7,True,78.98
39,MLB,batter_strikeouts,0.5,Ketel Marte,Marte,+149,2.49,under,1.23,606466,778515,2025-03-30,Chase Field,True,1,1,0.2916666666666667,0.11149228130360206,2,0.0,0.11149228130360206,0.0,1.0,0.18181818181818182,1.0,571510,4.0,1.3,8.0,0.22,8.0,3.0,0.08,3.0,2.7,True,78.98
40,MLB,batter_strikeouts,0.5,Trea Turner,Turner,-134,1.75,over,0.89,607208,778078,2025-05-03,Citizens Bank Park,True,0,1,0.29504950495049503,0.05009276437847866,10,0.5,0.05009276437847866,0.5,0.6,0.18181818181818182,0.6,694297,4.71,1.24,9.188741721854306,0.24342105263157895,9.188741721854306,2.0860927152317883,0.05526315789473684,2.0860927152317883,4.404761904761905,False,78.80000000000001
41,MLB,batter_strikeouts,0.5,Trea Turner,Turner,+109,2.09,under,1.07,607208,778078,2025-05-03,Citizens Bank Park,True,0,1,0.29504950495049503,0.05009276437847866,10,0.5,0.05009276437847866,0.5,0.6,0.18181818181818182,0.6,694297,4.71,1.24,9.188741721854306,0.24342105263157895,9.188741721854306,2.0860927152317883,0.05526315789473684,2.0860927152317883,4.404761904761905,False,78.80000000000001
42,MLB,batter_strikeouts,0.5,Alex Bregman,Bregman,-186,1.54,over,0.74,608324,778063,2025-05-04,Fenway Park,True,1,1,0.25989672977624784,0.0694006309148265,7,0.5714285714285714,0.0694006309148265,0.5714285714285714,0.7142857142857143,0.13564668769716087,0.7142857142857143,663978,4.99,1.39,8.070374574347333,0.20572916666666666,8.070374574347333,2.1452894438138483,0.0546875,2.1452894438138483,3.761904761904762,False,59.0
43,MLB,batter_strikeouts,0.5,Alex Bregman,Bregman,+149,2.49,under,1.23,608324,778063,2025-05-04,Fenway Park,True,1,1,0.25989672977624784,0.0694006309148265,7,0.5714285714285714,0.0694006309148265,0.5714285714285714,0.7142857142857143,0.13564668769716087,0.7142857142857143,663978,4.99,1.39,8.070374574347333,0.20572916666666666,8.070374574347333,2.1452894438138483,0.0546875,2.1452894438138483,3.761904761904762,False,59.0
44,MLB,walks,0.5,Dansby Swanson,Swanson,+216,3.16,over,1.66,621020,778158,2025-04-27,Wrigley Field,False,0,1,0.24157303370786518,0.09106239460370995,8,0.25,0.09106239460370995,0.25,1.25,0.24283305227655985,1.25,605400,3.5699999999999994,1.1999999999999997,8.90507282772476,0.24024390243902438,8.905072827724762,2.260170768458061,0.06097560975609756,2.2601707684580616,3.94,True,62.06
45,MLB,batter_strikeouts,1.5,Dansby Swanson,Swanson,+150,2.5,over,1.24,621020,778158,2025-04-27,Wrigley Field,False,0,1,0.24157303370786518,0.09106239460370995,8,0.25,0.09106239460370995,0.25,1.25,0.24283305227655985,1.25,605400,3.5699999999999994,1.1999999999999997,8.90507282772476,0.24024390243902438,8.905072827724762,2.260170768458061,0.06097560975609756,2.2601707684580616,3.94,True,62.06
46,MLB,batter_strikeouts,1.5,Dansby Swanson,Swanson,-186,1.54,under,0.74,621020,778158,2025-04-27,Wrigley Field,False,0,1,0.24157303370786518,0.09106239460370995,8,0.25,0.09106239460370995,0.25,1.25,0.24283305227655985,1.25,605400,3.5699999999999994,1.1999999999999997,8.90507282772476,0.24024390243902438,8.905072827724762,2.260170768458061,0.06097560975609756,2.2601707684580616,3.94,True,62.06
47,MLB,batter_strikeouts,0.5,Taylor Ward,Ward,-189,1.53,over,0.74,621493,778067,2025-05-03,Angel Stadium,True,0,1,0.24615384615384617,0.09502262443438914,8,0.125,0.09502262443438914,0.125,1.25,0.2458521870286576,1.25,656427,2.9500000000000006,0.9600000000000001,11.271186440677965,0.3204819277108434,11.271186440677965,1.6101694915254237,0.04578313253012048,1.6101694915254237,7.0,False,66.02
48,MLB,batter_strikeouts,0.5,Taylor Ward,Ward,+152,2.52,under,1.25,621493,778067,2025-05-03,Angel Stadium,True,0,1,0.24615384615384617,0.09502262443438914,8,0.125,0.09502262443438914,0.125,1.25,0.2458521870286576,1.25,656427,2.9500000000000006,0.9600000000000001,11.271186440677965,0.3204819277108434,11.271186440677965,1.6101694915254237,0.04578313253012048,1.6101694915254237,7.0,False,66.02
49,MLB,batter_strikeouts,0.5,Matt Olson,Olson,-205,1.49,over,0.71,621566,778214,2025-04-23,Truist Park,True,0,0,0.24666666666666667,0.10364963503649635,9,0.7777777777777778,0.10364963503649635,0.7777777777777778,0.7777777777777778,0.24817518248175183,0.7777777777777778,571945,5.35,1.28,6.413551401869159,0.16944444444444445,6.41355140186916,1.3142523364485983,0.034722222222222224,1.3142523364485983,4.88,False,76.1
50,MLB,batter_strikeouts,0.5,Matt Olson,Olson,+165,2.65,under,1.32,621566,778214,2025-04-23,Truist Park,True,0,0,0.24666666666666667,0.10364963503649635,9,0.7777777777777778,0.10364963503649635,0.7777777777777778,0.7777777777777778,0.24817518248175183,0.7777777777777778,571945,5.35,1.28,6.413551401869159,0.16944444444444445,6.41355140186916,1.3142523364485983,0.034722222222222224,1.3142523364485983,4.88,False,76.1
51,MLB,walks,0.5,Pete Alonso,Alonso,+127,2.27,over,1.16,624413,778103,2025-05-01,Citi Field,True,1,1,0.24013157894736842,0.10071942446043165,10,0.4,0.10071942446043165,0.4,0.7,0.2474820143884892,0.7,668678,3.6500000000000004,1.2600000000000002,9.486486486486486,0.25120772946859904,9.486486486486486,3.2837837837837838,0.08695652173913043,3.2837837837837838,2.888888888888889,True,69.98
52,MLB,walks,0.5,Pete Alonso,Alonso,-179,1.56,under,0.77,624413,778103,2025-05-01,Citi Field,True,1,1,0.24013157894736842,0.10071942446043165,10,0.4,0.10071942446043165,0.4,0.7,0.2474820143884892,0.7,668678,3.6500000000000004,1.2600000000000002,9.486486486486486,0.25120772946859904,9.486486486486486,3.2837837837837838,0.08695652173913043,3.2837837837837838,2.888888888888889,True,69.98
53,MLB,batter_strikeouts,1.5,Pete Alonso,Alonso,+112,2.12,over,1.09,624413,778103,2025-05-01,Citi Field,True,1,1,0.24013157894736842,0.10071942446043165,10,0.4,0.10071942446043165,0.4,0.7,0.2474820143884892,0.7,668678,3.6500000000000004,1.2600000000000002,9.486486486486486,0.25120772946859904,9.486486486486486,3.2837837837837838,0.08695652173913043,3.2837837837837838,2.888888888888889,True,69.98
54,MLB,batter_strikeouts,1.5,Pete Alonso,Alonso,-137,1.73,under,0.88,624413,778103,2025-05-01,Citi Field,True,1,1,0.24013157894736842,0.10071942446043165,10,0.4,0.10071942446043165,0.4,0.7,0.2474820143884892,0.7,668678,3.6500000000000004,1.2600000000000002,9.486486486486486,0.25120772946859904,9.486486486486486,3.2837837837837838,0.08695652173913043,3.2837837837837838,2.888888888888889,True,69.98
55,MLB,batter_strikeouts,0.5,Michael Conforto,Conforto,-209,1.48,over,0.71,624424,778109,2025-04-30,Dodger Stadium,False,1,1,0.2374429223744292,0.0860655737704918,4,0.5,0.0860655737704918,0.5,1.0,0.24180327868852458,1.0,615698,4.98,1.5200000000000002,6.684672518568536,0.1676829268292683,6.684672518568536,4.193112761647536,0.10518292682926829,4.193112761647535,1.5942028985507246,False,70.88
56,MLB,batter_strikeouts,0.5,Michael Conforto,Conforto,+166,2.66,under,1.33,624424,778109,2025-04-30,Dodger Stadium,False,1,1,0.2374429223744292,0.0860655737704918,4,0.5,0.0860655737704918,0.5,1.0,0.24180327868852458,1.0,615698,4.98,1.5200000000000002,6.684672518568536,0.1676829268292683,6.684672518568536,4.193112761647536,0.10518292682926829,4.193112761647535,1.5942028985507246,False,70.88
57,MLB,batter_strikeouts,0.5,Jorge Soler,Soler,-205,1.49,over,0.71,624585,778067,2025-05-03,Angel Stadium,True,0,1,0.2413793103448276,0.11846689895470383,8,0.0,0.11846689895470383,0.0,1.0,0.2456445993031359,1.0,656427,2.9500000000000006,0.9600000000000001,11.271186440677965,0.3204819277108434,11.271186440677965,1.6101694915254237,0.04578313253012048,1.6101694915254237,7.0,False,66.02
58,MLB,batter_strikeouts,0.5,Jorge Soler,Soler,+165,2.65,under,1.32,624585,778067,2025-05-03,Angel Stadium,True,0,1,0.2413793103448276,0.11846689895470383,8,0.0,0.11846689895470383,0.0,1.0,0.2456445993031359,1.0,656427,2.9500000000000006,0.9600000000000001,11.271186440677965,0.3204819277108434,11.271186440677965,1.6101694915254237,0.04578313253012048,1.6101694915254237,7.0,False,66.02
59,MLB,batter_strikeouts,0.5,Cody Bellinger,Bellinger,-228,1.44,over,0.69,641355,778057,2025-05-04,Yankee Stadium,True,1,1,0.2655038759689923,0.07908611599297012,15,0.3333333333333333,0.07908611599297012,0.2,0.9333333333333333,0.15641476274165203,0.8,671737,4.11,1.22,10.043478260869565,0.2664359861591695,10.043478260869565,3.0652173913043477,0.08131487889273356,3.0652173913043477,3.276595744680851,False,66.2
60,MLB,batter_strikeouts,0.5,Cody Bellinger,Bellinger,+181,2.81,under,1.41,641355,778057,2025-05-04,Yankee Stadium,True,1,1,0.2655038759689923,0.07908611599297012,15,0.3333333333333333,0.07908611599297012,0.2,0.9333333333333333,0.15641476274165203,0.8,671737,4.11,1.22,10.043478260869565,0.2664359861591695,10.043478260869565,3.0652173913043477,0.08131487889273356,3.0652173913043477,3.276595744680851,False,66.2
61,MLB,walks,0.5,Ryan McMahon,McMahon,-120,1.84,over,1.0,641857,778102,2025-04-30,Coors Field,True,0,1,0.24162257495590828,0.10697674418604651,7,1.2857142857142858,0.10697674418604651,1.2857142857142858,0.8571428571428571,0.2868217054263566,0.8571428571428571,519242,2.38,1.0100000000000002,11.427765237020319,0.32051282051282054,11.427765237020317,1.9808126410835218,0.05555555555555555,1.9808126410835218,5.769230769230769,True,62.6
62,MLB,walks,0.5,Ryan McMahon,McMahon,-115,1.87,under,1.0,641857,778102,2025-04-30,Coors Field,True,0,1,0.24162257495590828,0.10697674418604651,7,1.2857142857142858,0.10697674418604651,1.2857142857142858,0.8571428571428571,0.2868217054263566,0.8571428571428571,519242,2.38,1.0100000000000002,11.427765237020319,0.32051282051282054,11.427765237020317,1.9808126410835218,0.05555555555555555,1.9808126410835218,5.769230769230769,True,62.6
63,MLB,batter_strikeouts,1.5,Ryan McMahon,McMahon,+171,2.71,over,1.35,641857,778102,2025-04-30,Coors Field,True,0,1,0.24162257495590828,0.10697674418604651,7,1.2857142857142858,0.10697674418604651,1.2857142857142858,0.8571428571428571,0.2868217054263566,0.8571428571428571,519242,2.38,1.0100000000000002,11.427765237020319,0.32051282051282054,11.427765237020317,1.9808126410835218,0.05555555555555555,1.9808126410835218,5.769230769230769,True,62.6
64,MLB,batter_strikeouts,1.5,Ryan McMahon,McMahon,-213,1.47,under,0.7,641857,778102,2025-04-30,Coors Field,True,0,1,0.24162257495590828,0.10697674418604651,7,1.2857142857142858,0.10697674418604651,1.2857142857142858,0.8571428571428571,0.2868217054263566,0.8571428571428571,519242,2.38,1.0100000000000002,11.427765237020319,0.32051282051282054,11.427765237020317,1.9808126410835218,0.05555555555555555,1.9808126410835218,5.769230769230769,True,62.6
65,MLB,batter_strikeouts,0.5,Willy Adames,Adames,-197,1.51,over,0.73,642715,778082,2025-05-02,Oracle Park,True,0,0,0.25081967213114753,0.10755813953488372,9,0.3333333333333333,0.10755813953488372,0.3333333333333333,1.0,0.251453488372093,1.0,622608,6.569999999999999,1.8600000000000003,5.206611570247934,0.12962962962962962,5.206611570247934,5.9504132231404965,0.14814814814814814,5.9504132231404965,0.875,False,55.94
66,MLB,batter_strikeouts,0.5,Willy Adames,Adames,+157,2.57,under,1.28,642715,778082,2025-05-02,Oracle Park,True,0,0,0.25081967213114753,0.10755813953488372,9,0.3333333333333333,0.10755813953488372,0.3333333333333333,1.0,0.251453488372093,1.0,622608,6.569999999999999,1.8600000000000003,5.206611570247934,0.12962962962962962,5.206611570247934,5.9504132231404965,0.14814814814814814,5.9504132231404965,0.875,False,55.94
67,MLB,batter_strikeouts,0.5,Ozzie Albies,Albies,-104,1.97,over,1.0,645277,778214,2025-04-23,Truist Park,False,0,0,0.2506265664160401,0.06206896551724138,9,0.3333333333333333,0.06206896551724138,0.3333333333333333,0.4444444444444444,0.14942528735632185,0.4444444444444444,571945,5.35,1.28,6.413551401869159,0.16944444444444445,6.41355140186916,1.3142523364485983,0.034722222222222224,1.3142523364485983,4.88,False,76.1
68,MLB,batter_strikeouts,0.5,Ozzie Albies,Albies,-120,1.84,under,1.0,645277,778214,2025-04-23,Truist Park,False,0,0,0.2506265664160401,0.06206896551724138,9,0.3333333333333333,0.06206896551724138,0.3333333333333333,0.4444444444444444,0.14942528735632185,0.4444444444444444,571945,5.35,1.28,6.413551401869159,0.16944444444444445,6.41355140186916,1.3142523364485983,0.034722222222222224,1.3142523364485983,4.88,False,76.1
69,MLB,walks,0.5,Rafael Devers,Devers,-164,1.61,over,0.82,646240,778063,2025-05-04,Fenway Park,True,1,1,0.2723809523809524,0.11148086522462562,6,0.8333333333333334,0.11148086522462562,0.8333333333333334,0.8333333333333334,0.24459234608985025,0.8333333333333334,663978,4.99,1.39,8.070374574347333,0.20572916666666666,8.070374574347333,2.1452894438138483,0.0546875,2.1452894438138483,3.761904761904762,False,59.0
70,MLB,walks,0.5,Rafael Devers,Devers,+117,2.17,under,1.14,646240,778063,2025-05-04,Fenway Park,True,1,1,0.2723809523809524,0.11148086522462562,6,0.8333333333333334,0.11148086522462562,0.8333333333333334,0.8333333333333334,0.24459234608985025,0.8333333333333334,663978,4.99,1.39,8.070374574347333,0.20572916666666666,8.070374574347333,2.1452894438138483,0.0546875,2.1452894438138483,3.761904761904762,False,59.0
71,MLB,batter_strikeouts,1.5,Rafael Devers,Devers,+200,3,over,1.52,646240,778063,2025-05-04,Fenway Park,True,1,1,0.2723809523809524,0.11148086522462562,6,0.8333333333333334,0.11148086522462562,0.8333333333333334,0.8333333333333334,0.24459234608985025,0.8333333333333334,663978,4.99,1.39,8.070374574347333,0.20572916666666666,8.070374574347333,2.1452894438138483,0.0546875,2.1452894438138483,3.761904761904762,False,59.0
72,MLB,batter_strikeouts,1.5,Rafael Devers,Devers,-257,1.39,under,0.67,646240,778063,2025-05-04,Fenway Park,True,1,1,0.2723809523809524,0.11148086522462562,6,0.8333333333333334,0.11148086522462562,0.8333333333333334,0.8333333333333334,0.24459234608985025,0.8333333333333334,663978,4.99,1.39,8.070374574347333,0.20572916666666666,8.070374574347333,2.1452894438138483,0.0546875,2.1452894438138483,3.761904761904762,False,59.0
73,MLB,batter_strikeouts,0.5,Josh Naylor,Naylor,-130,1.77,over,0.9,647304,778177,2025-04-25,Chase Field,False,0,1,0.2433392539964476,0.09162717219589257,11,0.45454545454545453,0.09162717219589257,0.5,0.45454545454545453,0.16587677725118483,0.5,519242,2.3800000000000003,1.0100000000000002,11.427765237020317,0.32051282051282054,11.427765237020317,1.9808126410835218,0.05555555555555555,1.9808126410835218,5.769230769230769,True,89.96000000000001
74,MLB,batter_strikeouts,0.5,Josh Naylor,Naylor,+106,2.06,under,1.06,647304,778177,2025-04-25,Chase Field,False,0,1,0.2433392539964476,0.09162717219589257,11,0.45454545454545453,0.09162717219589257,0.5,0.45454545454545453,0.16587677725118483,0.5,519242,2.3800000000000003,1.0100000000000002,11.427765237020317,0.32051282051282054,11.427765237020317,1.9808126410835218,0.05555555555555555,1.9808126410835218,5.769230769230769,True,89.96000000000001
75,MLB,batter_strikeouts,0.5,Matt Chapman,Chapman,-205,1.49,over,0.71,656305,778082,2025-05-02,Oracle Park,True,0,1,0.24695652173913044,0.09891808346213292,8,0.5,0.09891808346213292,0.5,0.75,0.24420401854714066,0.75,622608,6.569999999999999,1.8600000000000003,5.206611570247934,0.12962962962962962,5.206611570247934,5.9504132231404965,0.14814814814814814,5.9504132231404965,0.875,False,55.94
76,MLB,batter_strikeouts,0.5,Matt Chapman,Chapman,+165,2.65,under,1.32,656305,778082,2025-05-02,Oracle Park,True,0,1,0.24695652173913044,0.09891808346213292,8,0.5,0.09891808346213292,0.5,0.75,0.24420401854714066,0.75,622608,6.569999999999999,1.8600000000000003,5.206611570247934,0.12962962962962962,5.206611570247934,5.9504132231404965,0.14814814814814814,5.9504132231404965,0.875,False,55.94
77,MLB,batter_strikeouts,0.5,Zach McKinstry,McKinstry,-157,1.64,over,0.81,656716,778155,2025-04-27,Comerica Park,True,0,1,0.21548821548821548,0.07384615384615385,2,0.0,0.07384615384615385,0.0,0.0,0.2123076923076923,0.0,665152,4.1,1.24,8.56811145510836,0.2224231464737794,8.56811145510836,3.552631578947369,0.0922242314647378,3.5526315789473686,2.411764705882353,False,59.0
78,MLB,batter_strikeouts,0.5,Zach McKinstry,McKinstry,+127,2.27,under,1.15,656716,778155,2025-04-27,Comerica Park,True,0,1,0.21548821548821548,0.07384615384615385,2,0.0,0.07384615384615385,0.0,0.0,0.2123076923076923,0.0,665152,4.1,1.24,8.56811145510836,0.2224231464737794,8.56811145510836,3.552631578947369,0.0922242314647378,3.5526315789473686,2.411764705882353,False,59.0
79,MLB,batter_strikeouts,0.5,Cedric Mullins,Mullins,-213,1.47,over,0.7,656775,778062,2025-05-04,Oriole Park at Camden Yards,True,0,1,0.23423423423423423,0.08216432865731463,11,0.5454545454545454,0.08216432865731463,0.6,0.8181818181818182,0.1963927855711423,0.9,547179,3.81,1.2800000000000002,6.6699604743083,0.17899761336515513,6.6699604743083,4.268774703557312,0.11455847255369929,4.268774703557312,1.5625,False,66.92
80,MLB,batter_strikeouts,0.5,Cedric Mullins,Mullins,+171,2.71,under,1.35,656775,778062,2025-05-04,Oriole Park at Camden Yards,True,0,1,0.23423423423423423,0.08216432865731463,11,0.5454545454545454,0.08216432865731463,0.6,0.8181818181818182,0.1963927855711423,0.9,547179,3.81,1.2800000000000002,6.6699604743083,0.17899761336515513,6.6699604743083,4.268774703557312,0.11455847255369929,4.268774703557312,1.5625,False,66.92
81,MLB,walks,0.5,Kyle Schwarber,Schwarber,-154,1.65,over,0.86,656941,778078,2025-05-03,Citizens Bank Park,True,1,1,0.24781849912739964,0.1531791907514451,10,0.8,0.1531791907514451,0.8,0.7,0.2846820809248555,0.7,694297,4.71,1.24,9.188741721854306,0.24342105263157895,9.188741721854306,2.0860927152317883,0.05526315789473684,2.0860927152317883,4.404761904761905,False,78.80000000000001
82,MLB,batter_strikeouts,0.5,Kyle Schwarber,Schwarber,+208,3.08,under,1.51,656941,778078,2025-05-03,Citizens Bank Park,True,1,1,0.24781849912739964,0.1531791907514451,10,0.8,0.1531791907514451,0.8,0.7,0.2846820809248555,0.7,694297,4.71,1.24,9.188741721854306,0.24342105263157895,9.188741721854306,2.0860927152317883,0.05526315789473684,2.0860927152317883,4.404761904761905,False,78.80000000000001
83,MLB,walks,0.5,Shohei Ohtani,Ohtani,-139,1.72,over,0.9,660271,778109,2025-04-30,Dodger Stadium,True,1,0,0.30974842767295596,0.11080711354309165,11,0.5454545454545454,0.11080711354309165,0.6,0.9090909090909091,0.2216142270861833,1.0,615698,4.98,1.5200000000000002,6.684672518568536,0.1676829268292683,6.684672518568536,4.193112761647536,0.10518292682926829,4.193112761647535,1.5942028985507246,False,70.88
84,MLB,walks,0.5,Shohei Ohtani,Ohtani,+101,2.01,under,1.07,660271,778109,2025-04-30,Dodger Stadium,True,1,0,0.30974842767295596,0.11080711354309165,11,0.5454545454545454,0.11080711354309165,0.6,0.9090909090909091,0.2216142270861833,1.0,615698,4.98,1.5200000000000002,6.684672518568536,0.1676829268292683,6.684672518568536,4.193112761647536,0.10518292682926829,4.193112761647535,1.5942028985507246,False,70.88
85,MLB,batter_strikeouts,1.5,Shohei Ohtani,Ohtani,+197,2.97,over,1.5,660271,778109,2025-04-30,Dodger Stadium,True,1,0,0.30974842767295596,0.11080711354309165,11,0.5454545454545454,0.11080711354309165,0.6,0.9090909090909091,0.2216142270861833,1.0,615698,4.98,1.5200000000000002,6.684672518568536,0.1676829268292683,6.684672518568536,4.193112761647536,0.10518292682926829,4.193112761647535,1.5942028985507246,False,70.88
86,MLB,batter_strikeouts,1.5,Shohei Ohtani,Ohtani,-250,1.4,under,0.67,660271,778109,2025-04-30,Dodger Stadium,True,1,0,0.30974842767295596,0.11080711354309165,11,0.5454545454545454,0.11080711354309165,0.6,0.9090909090909091,0.2216142270861833,1.0,615698,4.98,1.5200000000000002,6.684672518568536,0.1676829268292683,6.684672518568536,4.193112761647536,0.10518292682926829,4.193112761647535,1.5942028985507246,False,70.88
87,MLB,batter_strikeouts,0.5,Nico Hoerner,Hoerner,+119,2.19,over,1.13,663538,778158,2025-04-27,Wrigley Field,False,0,0,0.27319587628865977,0.0686427457098284,7,0.14285714285714285,0.0686427457098284,0.14285714285714285,0.5714285714285714,0.1029641185647426,0.5714285714285714,605400,3.5699999999999994,1.1999999999999997,8.90507282772476,0.24024390243902438,8.905072827724762,2.260170768458061,0.06097560975609756,2.2601707684580616,3.94,True,62.06
88,MLB,batter_strikeouts,0.5,Nico Hoerner,Hoerner,-145,1.69,under,0.86,663538,778158,2025-04-27,Wrigley Field,False,0,0,0.27319587628865977,0.0686427457098284,7,0.14285714285714285,0.0686427457098284,0.14285714285714285,0.5714285714285714,0.1029641185647426,0.5714285714285714,605400,3.5699999999999994,1.1999999999999997,8.90507282772476,0.24024390243902438,8.905072827724762,2.260170768458061,0.06097560975609756,2.2601707684580616,3.94,True,62.06
89,MLB,walks,0.5,Austin Riley,Riley,+204,3.04,over,1.58,663586,778214,2025-04-23,Truist Park,True,0,1,0.2564705882352941,0.07889125799573561,9,0.2222222222222222,0.07889125799573561,0.2222222222222222,1.2222222222222223,0.2515991471215352,1.2222222222222223,571945,5.35,1.28,6.413551401869159,0.16944444444444445,6.41355140186916,1.3142523364485983,0.034722222222222224,1.3142523364485983,4.88,False,76.1
90,MLB,batter_strikeouts,1.5,Austin Riley,Riley,+180,2.8,over,1.4,663586,778214,2025-04-23,Truist Park,True,0,1,0.2564705882352941,0.07889125799573561,9,0.2222222222222222,0.07889125799573561,0.2222222222222222,1.2222222222222223,0.2515991471215352,1.2222222222222223,571945,5.35,1.28,6.413551401869159,0.16944444444444445,6.41355140186916,1.3142523364485983,0.034722222222222224,1.3142523364485983,4.88,False,76.1
91,MLB,batter_strikeouts,1.5,Austin Riley,Riley,-228,1.44,under,0.69,663586,778214,2025-04-23,Truist Park,True,0,1,0.2564705882352941,0.07889125799573561,9,0.2222222222222222,0.07889125799573561,0.2222222222222222,1.2222222222222223,0.2515991471215352,1.2222222222222223,571945,5.35,1.28,6.413551401869159,0.16944444444444445,6.41355140186916,1.3142523364485983,0.034722222222222224,1.3142523364485983,4.88,False,76.1
92,MLB,batter_strikeouts,0.5,Kyle Tucker,Tucker,-145,1.69,over,0.86,663656,778158,2025-04-27,Wrigley Field,True,0,0,0.2888086642599278,0.16519174041297935,8,0.5,0.16519174041297935,0.5,0.5,0.1592920353982301,0.5,605400,3.5699999999999994,1.1999999999999997,8.90507282772476,0.24024390243902438,8.905072827724762,2.260170768458061,0.06097560975609756,2.2601707684580616,3.94,True,62.06
93,MLB,batter_strikeouts,0.5,Kyle Tucker,Tucker,+118,2.18,under,1.12,663656,778158,2025-04-27,Wrigley Field,True,0,0,0.2888086642599278,0.16519174041297935,8,0.5,0.16519174041297935,0.5,0.5,0.1592920353982301,0.5,605400,3.5699999999999994,1.1999999999999997,8.90507282772476,0.24024390243902438,8.905072827724762,2.260170768458061,0.06097560975609756,2.2601707684580616,3.94,True,62.06
94,MLB,batter_strikeouts,0.5,Cal Raleigh,Raleigh,-223,1.45,over,0.69,663728,778104,2025-04-30,T-Mobile Park,True,0,0,0.21978021978021978,0.11146496815286625,12,0.25,0.11146496815286625,0.1,1.3333333333333333,0.2802547770700637,1.3,542881,3.81,1.29,7.135678391959799,0.18562091503267975,7.135678391959799,3.6683417085427137,0.09542483660130718,3.6683417085427137,1.9452054794520548,False,57.02
95,MLB,batter_strikeouts,0.5,Cal Raleigh,Raleigh,+178,2.78,under,1.39,663728,778104,2025-04-30,T-Mobile Park,True,0,0,0.21978021978021978,0.11146496815286625,12,0.25,0.11146496815286625,0.1,1.3333333333333333,0.2802547770700637,1.3,542881,3.81,1.29,7.135678391959799,0.18562091503267975,7.135678391959799,3.6683417085427137,0.09542483660130718,3.6683417085427137,1.9452054794520548,False,57.02
96,MLB,walks,0.5,Ian Happ,Happ,+135,2.35,over,1.21,664023,778158,2025-04-27,Wrigley Field,True,0,1,0.24253075571177504,0.121765601217656,8,0.375,0.121765601217656,0.375,0.875,0.2557077625570776,0.875,605400,3.5699999999999994,1.1999999999999997,8.90507282772476,0.24024390243902438,8.905072827724762,2.260170768458061,0.06097560975609756,2.2601707684580616,3.94,True,62.06
97,MLB,walks,0.5,Ian Happ,Happ,-189,1.53,under,0.75,664023,778158,2025-04-27,Wrigley Field,True,0,1,0.24253075571177504,0.121765601217656,8,0.375,0.121765601217656,0.375,0.875,0.2557077625570776,0.875,605400,3.5699999999999994,1.1999999999999997,8.90507282772476,0.24024390243902438,8.905072827724762,2.260170768458061,0.06097560975609756,2.2601707684580616,3.94,True,62.06
98,MLB,batter_strikeouts,1.5,Ian Happ,Happ,+186,2.86,over,1.43,664023,778158,2025-04-27,Wrigley Field,True,0,1,0.24253075571177504,0.121765601217656,8,0.375,0.121765601217656,0.375,0.875,0.2557077625570776,0.875,605400,3.5699999999999994,1.1999999999999997,8.90507282772476,0.24024390243902438,8.905072827724762,2.260170768458061,0.06097560975609756,2.2601707684580616,3.94,True,62.06
99,MLB,batter_strikeouts,1.5,Ian Happ,Happ,-233,1.43,under,0.68,664023,778158,2025-04-27,Wrigley Field,True,0,1,0.24253075571177504,0.121765601217656,8,0.375,0.121765601217656,0.375,0.875,0.2557077625570776,0.875,605400,3.5699999999999994,1.1999999999999997,8.90507282772476,0.24024390243902438,8.905072827724762,2.260170768458061,0.06097560975609756,2.2601707684580616,3.94,True,62.06
100,MLB,batter_strikeouts,0.5,Alec Bohm,Bohm,+115,2.15,over,1.11,664761,778078,2025-05-03,Citizens Bank Park,False,0,0,0.27978339350180503,0.066006600660066,8,0.0,0.066006600660066,0.0,0.625,0.1419141914191419,0.625,694297,4.71,1.24,9.188741721854306,0.24342105263157895,9.188741721854306,2.0860927152317883,0.05526315789473684,2.0860927152317883,4.404761904761905,False,78.80000000000001
101,MLB,batter_strikeouts,0.5,Alec Bohm,Bohm,-141,1.71,under,0.87,664761,778078,2025-05-03,Citizens Bank Park,False,0,0,0.27978339350180503,0.066006600660066,8,0.0,0.066006600660066,0.0,0.625,0.1419141914191419,0.625,694297,4.71,1.24,9.188741721854306,0.24342105263157895,9.188741721854306,2.0860927152317883,0.05526315789473684,2.0860927152317883,4.404761904761905,False,78.80000000000001
102,MLB,batter_strikeouts,0.5,Fernando Tatis Jr.,Tatis Jr.,-179,1.56,over,0.75,665487,778126,2025-04-29,Petco Park,True,0,1,0.27638190954773867,0.0730593607305936,10,0.5,0.0730593607305936,0.5,0.3,0.2191780821917808,0.3,657277,3.47,1.23,7.580803134182176,0.20451843043995244,7.580803134182175,2.203721841332028,0.059453032104637336,2.203721841332028,3.44,False,62.96
103,MLB,batter_strikeouts,0.5,Fernando Tatis Jr.,Tatis Jr.,+144,2.44,under,1.21,665487,778126,2025-04-29,Petco Park,True,0,1,0.27638190954773867,0.0730593607305936,10,0.5,0.0730593607305936,0.5,0.3,0.2191780821917808,0.3,657277,3.47,1.23,7.580803134182176,0.20451843043995244,7.580803134182175,2.203721841332028,0.059453032104637336,2.203721841332028,3.44,False,62.96
104,MLB,batter_strikeouts,0.5,Vladimir Guerrero Jr.,Guerrero Jr.,+101,2.01,over,1.0,665489,778056,2025-05-04,Rogers Centre,True,1,1,0.32305194805194803,0.10329985652797705,10,0.4,0.10329985652797705,0.4,1.0,0.13773314203730272,1.0,676440,3.4699999999999998,1.12,9.717090069284067,0.2633802816901408,9.717090069284067,2.286374133949192,0.061971830985915494,2.286374133949192,4.25,False,53.6
105,MLB,batter_strikeouts,0.5,Vladimir Guerrero Jr.,Guerrero Jr.,-124,1.81,under,1.0,665489,778056,2025-05-04,Rogers Centre,True,1,1,0.32305194805194803,0.10329985652797705,10,0.4,0.10329985652797705,0.4,1.0,0.13773314203730272,1.0,676440,3.4699999999999998,1.12,9.717090069284067,0.2633802816901408,9.717090069284067,2.286374133949192,0.061971830985915494,2.286374133949192,4.25,False,53.6
106,MLB,walks,0.5,Juan Soto,Soto,-141,1.71,over,0.89,665742,778103,2025-05-01,Citi Field,True,1,0,0.2881944444444444,0.18092566619915848,11,0.5454545454545454,0.18092566619915848,0.6,0.5454545454545454,0.16690042075736325,0.6,668678,3.6500000000000004,1.2600000000000002,9.486486486486486,0.25120772946859904,9.486486486486486,3.2837837837837838,0.08695652173913043,3.2837837837837838,2.888888888888889,True,69.98
107,MLB,walks,0.5,Juan Soto,Soto,+102,2.02,under,1.07,665742,778103,2025-05-01,Citi Field,True,1,0,0.2881944444444444,0.18092566619915848,11,0.5454545454545454,0.18092566619915848,0.6,0.5454545454545454,0.16690042075736325,0.6,668678,3.6500000000000004,1.2600000000000002,9.486486486486486,0.25120772946859904,9.486486486486486,3.2837837837837838,0.08695652173913043,3.2837837837837838,2.888888888888889,True,69.98
108,MLB,batter_strikeouts,1.5,Juan Soto,Soto,+198,2.98,over,1.5,665742,778103,2025-05-01,Citi Field,True,1,0,0.2881944444444444,0.18092566619915848,11,0.5454545454545454,0.18092566619915848,0.6,0.5454545454545454,0.16690042075736325,0.6,668678,3.6500000000000004,1.2600000000000002,9.486486486486486,0.25120772946859904,9.486486486486486,3.2837837837837838,0.08695652173913043,3.2837837837837838,2.888888888888889,True,69.98
109,MLB,batter_strikeouts,1.5,Juan Soto,Soto,-250,1.4,under,0.67,665742,778103,2025-05-01,Citi Field,True,1,0,0.2881944444444444,0.18092566619915848,11,0.5454545454545454,0.18092566619915848,0.6,0.5454545454545454,0.16690042075736325,0.6,668678,3.6500000000000004,1.2600000000000002,9.486486486486486,0.25120772946859904,9.486486486486486,3.2837837837837838,0.08695652173913043,3.2837837837837838,2.888888888888889,True,69.98
110,MLB,batter_strikeouts,0.5,Bo Bichette,Bichette,-122,1.82,over,1.0,666182,778056,2025-05-04,Rogers Centre,True,0,0,0.22508038585209003,0.05952380952380952,10,0.1,0.05952380952380952,0.1,0.6,0.19047619047619047,0.6,676440,3.4699999999999998,1.12,9.717090069284067,0.2633802816901408,9.717090069284067,2.286374133949192,0.061971830985915494,2.286374133949192,4.25,False,53.6
111,MLB,batter_strikeouts,0.5,Bo Bichette,Bichette,-102,1.99,under,1.0,666182,778056,2025-05-04,Rogers Centre,True,0,0,0.22508038585209003,0.05952380952380952,10,0.1,0.05952380952380952,0.1,0.6,0.19047619047619047,0.6,676440,3.4699999999999998,1.12,9.717090069284067,0.2633802816901408,9.717090069284067,2.286374133949192,0.061971830985915494,2.286374133949192,4.25,False,53.6
112,MLB,walks,0.5,Randy Arozarena,Arozarena,+147,2.47,over,1.28,668227,778104,2025-04-30,T-Mobile Park,True,0,1,0.2185792349726776,0.11265432098765432,11,0.6363636363636364,0.11265432098765432,0.6,1.0,0.26080246913580246,1.0,542881,3.81,1.29,7.135678391959799,0.18562091503267975,7.135678391959799,3.6683417085427137,0.09542483660130718,3.6683417085427137,1.9452054794520548,False,57.02
113,MLB,walks,0.5,Randy Arozarena,Arozarena,-209,1.48,under,0.72,668227,778104,2025-04-30,T-Mobile Park,True,0,1,0.2185792349726776,0.11265432098765432,11,0.6363636363636364,0.11265432098765432,0.6,1.0,0.26080246913580246,1.0,542881,3.81,1.29,7.135678391959799,0.18562091503267975,7.135678391959799,3.6683417085427137,0.09542483660130718,3.6683417085427137,1.9452054794520548,False,57.02
114,MLB,batter_strikeouts,1.5,Randy Arozarena,Arozarena,+162,2.62,over,1.3,668227,778104,2025-04-30,T-Mobile Park,True,0,1,0.2185792349726776,0.11265432098765432,11,0.6363636363636364,0.11265432098765432,0.6,1.0,0.26080246913580246,1.0,542881,3.81,1.29,7.135678391959799,0.18562091503267975,7.135678391959799,3.6683417085427137,0.09542483660130718,3.6683417085427137,1.9452054794520548,False,57.02
115,MLB,batter_strikeouts,1.5,Randy Arozarena,Arozarena,-200,1.5,under,0.72,668227,778104,2025-04-30,T-Mobile Park,True,0,1,0.2185792349726776,0.11265432098765432,11,0.6363636363636364,0.11265432098765432,0.6,1.0,0.26080246913580246,1.0,542881,3.81,1.29,7.135678391959799,0.18562091503267975,7.135678391959799,3.6683417085427137,0.09542483660130718,3.6683417085427137,1.9452054794520548,False,57.02
116,MLB,batter_strikeouts,0.5,Brice Turang,Turang,-127,1.79,over,0.91,668930,778071,2025-05-03,American Family Field,True,1,0,0.25402504472271914,0.08077544426494346,9,0.2222222222222222,0.08077544426494346,0.2222222222222222,1.0,0.16962843295638125,1.0,592791,3.2700000000000005,1.13,6.814052089642641,0.18518518518518517,6.814052089642641,1.7989097516656574,0.04888888888888889,1.7989097516656574,3.787878787878788,True,46.4
117,MLB,batter_strikeouts,0.5,Brice Turang,Turang,+104,2.04,under,1.05,668930,778071,2025-05-03,American Family Field,True,1,0,0.25402504472271914,0.08077544426494346,9,0.2222222222222222,0.08077544426494346,0.2222222222222222,1.0,0.16962843295638125,1.0,592791,3.2700000000000005,1.13,6.814052089642641,0.18518518518518517,6.814052089642641,1.7989097516656574,0.04888888888888889,1.7989097516656574,3.787878787878788,True,46.4
118,MLB,batter_strikeouts,0.5,Adley Rutschman,Rutschman,-145,1.69,over,0.86,668939,778062,2025-05-04,Oriole Park at Camden Yards,True,0,0,0.2504378283712785,0.09090909090909091,11,0.5454545454545454,0.09090909090909091,0.6,0.8181818181818182,0.1614420062695925,0.8,547179,3.81,1.2800000000000002,6.6699604743083,0.17899761336515513,6.6699604743083,4.268774703557312,0.11455847255369929,4.268774703557312,1.5625,False,66.92
119,MLB,batter_strikeouts,0.5,Adley Rutschman,Rutschman,+119,2.19,under,1.13,668939,778062,2025-05-04,Oriole Park at Camden Yards,True,0,0,0.2504378283712785,0.09090909090909091,11,0.5454545454545454,0.09090909090909091,0.6,0.8181818181818182,0.1614420062695925,0.8,547179,3.81,1.2800000000000002,6.6699604743083,0.17899761336515513,6.6699604743083,4.268774703557312,0.11455847255369929,4.268774703557312,1.5625,False,66.92
120,MLB,batter_strikeouts,0.5,Tommy Edman,Edman,-118,1.85,over,1.0,669242,778132,2025-04-28,Dodger Stadium,False,0,0,0.23741007194244604,0.0718954248366013,10,0.3,0.0718954248366013,0.3,0.4,0.19607843137254902,0.4,665795,4.0,1.3,8.0,0.22,8.0,3.0,0.08,3.0,2.7,False,62.42
121,MLB,batter_strikeouts,0.5,Tommy Edman,Edman,-105,1.96,under,1.0,669242,778132,2025-04-28,Dodger Stadium,False,0,0,0.23741007194244604,0.0718954248366013,10,0.3,0.0718954248366013,0.3,0.4,0.19607843137254902,0.4,665795,4.0,1.3,8.0,0.22,8.0,3.0,0.08,3.0,2.7,False,62.42
122,MLB,batter_strikeouts,0.5,Heliot Ramos,Ramos,-193,1.52,over,0.73,671218,778082,2025-05-02,Oracle Park,False,1,0,0.2694736842105263,0.07142857142857142,9,0.3333333333333333,0.07142857142857142,0.3333333333333333,0.6666666666666666,0.2606177606177606,0.6666666666666666,622608,6.569999999999999,1.8600000000000003,5.206611570247934,0.12962962962962962,5.206611570247934,5.9504132231404965,0.14814814814814814,5.9504132231404965,0.875,False,55.94
123,MLB,batter_strikeouts,0.5,Heliot Ramos,Ramos,+156,2.56,under,1.27,671218,778082,2025-05-02,Oracle Park,False,1,0,0.2694736842105263,0.07142857142857142,9,0.3333333333333333,0.07142857142857142,0.3333333333333333,0.6666666666666666,0.2606177606177606,0.6666666666666666,622608,6.569999999999999,1.8600000000000003,5.206611570247934,0.12962962962962962,5.206611570247934,5.9504132231404965,0.14814814814814814,5.9504132231404965,0.875,False,55.94
124,MLB,batter_strikeouts,0.5,Michael Harris II,Harris II,-112,1.9,over,1.0,671739,778214,2025-04-23,Truist Park,True,0,0,0.2636363636363636,0.04893617021276596,9,0.1111111111111111,0.04893617021276596,0.1111111111111111,0.3333333333333333,0.2,0.3333333333333333,571945,5.35,1.28,6.413551401869159,0.16944444444444445,6.41355140186916,1.3142523364485983,0.034722222222222224,1.3142523364485983,4.88,False,76.1
125,MLB,batter_strikeouts,0.5,Michael Harris II,Harris II,-110,1.91,under,1.0,671739,778214,2025-04-23,Truist Park,True,0,0,0.2636363636363636,0.04893617021276596,9,0.1111111111111111,0.04893617021276596,0.1111111111111111,0.3333333333333333,0.2,0.3333333333333333,571945,5.35,1.28,6.413551401869159,0.16944444444444445,6.41355140186916,1.3142523364485983,0.034722222222222224,1.3142523364485983,4.88,False,76.1
126,MLB,walks,0.5,Seiya Suzuki,Suzuki,+176,2.76,over,1.45,673548,778158,2025-04-27,Wrigley Field,True,0,1,0.283203125,0.1076923076923077,8,0.5,0.1076923076923077,0.5,0.875,0.27350427350427353,0.875,605400,3.5699999999999994,1.1999999999999997,8.90507282772476,0.24024390243902438,8.905072827724762,2.260170768458061,0.06097560975609756,2.2601707684580616,3.94,True,62.06
127,MLB,walks,0.5,Seiya Suzuki,Suzuki,-257,1.39,under,0.68,673548,778158,2025-04-27,Wrigley Field,True,0,1,0.283203125,0.1076923076923077,8,0.5,0.1076923076923077,0.5,0.875,0.27350427350427353,0.875,605400,3.5699999999999994,1.1999999999999997,8.90507282772476,0.24024390243902438,8.905072827724762,2.260170768458061,0.06097560975609756,2.2601707684580616,3.94,True,62.06
128,MLB,batter_strikeouts,1.5,Seiya Suzuki,Suzuki,+148,2.48,over,1.23,673548,778158,2025-04-27,Wrigley Field,True,0,1,0.283203125,0.1076923076923077,8,0.5,0.1076923076923077,0.5,0.875,0.27350427350427353,0.875,605400,3.5699999999999994,1.1999999999999997,8.90507282772476,0.24024390243902438,8.905072827724762,2.260170768458061,0.06097560975609756,2.2601707684580616,3.94,True,62.06
129,MLB,batter_strikeouts,1.5,Seiya Suzuki,Suzuki,-186,1.54,under,0.74,673548,778158,2025-04-27,Wrigley Field,True,0,1,0.283203125,0.1076923076923077,8,0.5,0.1076923076923077,0.5,0.875,0.27350427350427353,0.875,605400,3.5699999999999994,1.1999999999999997,8.90507282772476,0.24024390243902438,8.905072827724762,2.260170768458061,0.06097560975609756,2.2601707684580616,3.94,True,62.06
130,MLB,batter_strikeouts,0.5,Josh Jung,Jung,-182,1.55,over,0.75,673962,778070,2025-05-03,Globe Life Field,False,0,0,0.2640449438202247,0.0425531914893617,6,0.16666666666666666,0.0425531914893617,0.16666666666666666,1.0,0.2553191489361702,1.0,622491,3.64,1.17,8.994860079954313,0.24339360222531292,8.994860079954313,2.4157624214734437,0.06536856745479833,2.415762421473444,3.723404255319149,True,71.24000000000001
131,MLB,batter_strikeouts,0.5,Josh Jung,Jung,+146,2.46,under,1.22,673962,778070,2025-05-03,Globe Life Field,False,0,0,0.2640449438202247,0.0425531914893617,6,0.16666666666666666,0.0425531914893617,0.16666666666666666,1.0,0.2553191489361702,1.0,622491,3.64,1.17,8.994860079954313,0.24339360222531292,8.994860079954313,2.4157624214734437,0.06536856745479833,2.415762421473444,3.723404255319149,True,71.24000000000001
132,MLB,batter_strikeouts,0.5,Wilyer Abreu,Abreu,-233,1.43,over,0.68,677800,778063,2025-05-04,Fenway Park,False,0,0,0.2531328320802005,0.0894854586129754,8,0.625,0.0894854586129754,0.625,0.875,0.2796420581655481,0.875,663978,4.99,1.39,8.070374574347333,0.20572916666666666,8.070374574347333,2.1452894438138483,0.0546875,2.1452894438138483,3.761904761904762,False,59.0
133,MLB,batter_strikeouts,0.5,Wilyer Abreu,Abreu,+184,2.84,under,1.42,677800,778063,2025-05-04,Fenway Park,False,0,0,0.2531328320802005,0.0894854586129754,8,0.625,0.0894854586129754,0.625,0.875,0.2796420581655481,0.875,663978,4.99,1.39,8.070374574347333,0.20572916666666666,8.070374574347333,2.1452894438138483,0.0546875,2.1452894438138483,3.761904761904762,False,59.0
134,MLB,batter_strikeouts,0.5,Bobby Witt Jr.,Witt Jr.,-182,1.55,over,0.74,677951,778152,2025-04-27,Kauffman Stadium,True,0,1,0.33176100628930816,0.08039492242595205,9,0.5555555555555556,0.08039492242595205,0.5555555555555556,0.8888888888888888,0.14950634696755993,0.8888888888888888,686613,3.4899999999999998,1.2700000000000002,9.476470588235294,0.25140449438202245,9.476470588235294,3.176470588235294,0.08426966292134831,3.176470588235294,2.9833333333333334,False,60.8
135,MLB,batter_strikeouts,0.5,Bobby Witt Jr.,Witt Jr.,+146,2.46,under,1.22,677951,778152,2025-04-27,Kauffman Stadium,True,0,1,0.33176100628930816,0.08039492242595205,9,0.5555555555555556,0.08039492242595205,0.5555555555555556,0.8888888888888888,0.14950634696755993,0.8888888888888888,686613,3.4899999999999998,1.2700000000000002,9.476470588235294,0.25140449438202245,9.476470588235294,3.176470588235294,0.08426966292134831,3.176470588235294,2.9833333333333334,False,60.8
136,MLB,batter_strikeouts,0.5,Ezequiel Tovar,Tovar,-159,1.63,over,0.81,678662,778379,2025-04-09,Coors Field,True,0,1,0.2687022900763359,0.033093525179856115,2,0.5,0.033093525179856115,0.5,1.0,0.28776978417266186,1.0,641302,4.0,1.3,8.0,0.22,8.0,3.0,0.08,3.0,2.7,True,66.56
137,MLB,batter_strikeouts,0.5,Ezequiel Tovar,Tovar,+129,2.29,under,1.16,678662,778379,2025-04-09,Coors Field,True,0,1,0.2687022900763359,0.033093525179856115,2,0.5,0.033093525179856115,0.5,1.0,0.28776978417266186,1.0,641302,4.0,1.3,8.0,0.22,8.0,3.0,0.08,3.0,2.7,True,66.56
138,MLB,batter_strikeouts,0.5,Spencer Torkelson,Torkelson,-182,1.55,over,0.75,679529,778155,2025-04-27,Comerica Park,False,1,0,0.21929824561403508,0.08661417322834646,4,0.25,0.08661417322834646,0.25,0.5,0.2755905511811024,0.5,665152,4.1,1.24,8.56811145510836,0.2224231464737794,8.56811145510836,3.552631578947369,0.0922242314647378,3.5526315789473686,2.411764705882353,False,59.0
139,MLB,batter_strikeouts,0.5,Spencer Torkelson,Torkelson,+146,2.46,under,1.22,679529,778155,2025-04-27,Comerica Park,False,1,0,0.21929824561403508,0.08661417322834646,4,0.25,0.08661417322834646,0.25,0.5,0.2755905511811024,0.5,665152,4.1,1.24,8.56811145510836,0.2224231464737794,8.56811145510836,3.552631578947369,0.0922242314647378,3.5526315789473686,2.411764705882353,False,59.0
140,MLB,batter_strikeouts,0.5,Steven Kwan,Kwan,+125,2.25,over,1.14,680757,778108,2025-05-01,Progressive Field,True,1,1,0.2916666666666667,0.09814814814814815,7,0.14285714285714285,0.09814814814814815,0.14285714285714285,0.14285714285714285,0.09444444444444444,0.14285714285714285,680573,4.17,1.29,7.905405405405405,0.2056239015817223,7.905405405405406,3.2432432432432434,0.0843585237258348,3.2432432432432434,2.4375,True,78.98
141,MLB,batter_strikeouts,0.5,Steven Kwan,Kwan,-154,1.65,under,0.82,680757,778108,2025-05-01,Progressive Field,True,1,1,0.2916666666666667,0.09814814814814815,7,0.14285714285714285,0.09814814814814815,0.14285714285714285,0.14285714285714285,0.09444444444444444,0.14285714285714285,680573,4.17,1.29,7.905405405405405,0.2056239015817223,7.905405405405406,3.2432432432432434,0.0843585237258348,3.2432432432432434,2.4375,True,78.98
142,MLB,batter_strikeouts,0.5,Jarren Duran,Duran,-250,1.4,over,0.67,680776,778063,2025-05-04,Fenway Park,True,0,1,0.2846497764530551,0.07346938775510205,7,0.42857142857142855,0.07346938775510205,0.42857142857142855,0.8571428571428571,0.21768707482993196,0.8571428571428571,663978,4.99,1.39,8.070374574347333,0.20572916666666666,8.070374574347333,2.1452894438138483,0.0546875,2.1452894438138483,3.761904761904762,False,59.0
143,MLB,batter_strikeouts,0.5,Jarren Duran,Duran,+200,3,under,1.51,680776,778063,2025-05-04,Fenway Park,True,0,1,0.2846497764530551,0.07346938775510205,7,0.42857142857142855,0.07346938775510205,0.42857142857142855,0.8571428571428571,0.21768707482993196,0.8571428571428571,663978,4.99,1.39,8.070374574347333,0.20572916666666666,8.070374574347333,2.1452894438138483,0.0546875,2.1452894438138483,3.761904761904762,False,59.0
144,MLB,batter_strikeouts,0.5,Brendan Donovan,Donovan,+106,2.06,over,1.06,680977,778068,2025-05-03,Busch Stadium,True,0,0,0.2776831345826235,0.07208588957055215,12,0.25,0.07208588957055215,0.2,0.6666666666666666,0.12423312883435583,0.7,656731,4.040000000000001,1.3099999999999998,10.5,0.27002967359050445,10.5,3.6923076923076925,0.09495548961424333,3.6923076923076925,2.84375,False,51.98
145,MLB,batter_strikeouts,0.5,Brendan Donovan,Donovan,-130,1.77,under,0.9,680977,778068,2025-05-03,Busch Stadium,True,0,0,0.2776831345826235,0.07208588957055215,12,0.25,0.07208588957055215,0.2,0.6666666666666666,0.12423312883435583,0.7,656731,4.040000000000001,1.3099999999999998,10.5,0.27002967359050445,10.5,3.6923076923076925,0.09495548961424333,3.6923076923076925,2.84375,False,51.98
146,MLB,walks,0.5,Logan O'Hoppe,O'Hoppe,+233,3.33,over,1.77,681351,778085,2025-05-02,Angel Stadium,False,0,0,0.24425887265135698,0.06321839080459771,5,0.0,0.06321839080459771,0.0,1.4,0.29693486590038315,1.4,669373,2.39,0.9200000000000003,10.6875,0.30278884462151395,10.6875,1.640625,0.04648074369189907,1.640625,6.514285714285714,False,55.94
147,MLB,batter_strikeouts,1.5,Logan O'Hoppe,O'Hoppe,+188,2.88,over,1.45,681351,778085,2025-05-02,Angel Stadium,False,0,0,0.24425887265135698,0.06321839080459771,5,0.0,0.06321839080459771,0.0,1.4,0.29693486590038315,1.4,669373,2.39,0.9200000000000003,10.6875,0.30278884462151395,10.6875,1.640625,0.04648074369189907,1.640625,6.514285714285714,False,55.94
148,MLB,batter_strikeouts,1.5,Logan O'Hoppe,O'Hoppe,-239,1.42,under,0.68,681351,778085,2025-05-02,Angel Stadium,False,0,0,0.24425887265135698,0.06321839080459771,5,0.0,0.06321839080459771,0.0,1.4,0.29693486590038315,1.4,669373,2.39,0.9200000000000003,10.6875,0.30278884462151395,10.6875,1.640625,0.04648074369189907,1.640625,6.514285714285714,False,55.94
149,MLB,batter_strikeouts,0.5,Kerry Carpenter,Carpenter,-154,1.65,over,0.82,681481,778221,2025-04-22,Comerica Park,True,0,0,0.2840909090909091,0.07432432432432433,3,0.0,0.07432432432432433,0.0,0.6666666666666666,0.2533783783783784,0.6666666666666666,601713,4.14,1.13,10.66115702479339,0.28907563025210087,10.66115702479339,2.231404958677686,0.06050420168067227,2.231404958677686,4.777777777777778,False,62.96
150,MLB,batter_strikeouts,0.5,Kerry Carpenter,Carpenter,+125,2.25,under,1.14,681481,778221,2025-04-22,Comerica Park,True,0,0,0.2840909090909091,0.07432432432432433,3,0.0,0.07432432432432433,0.0,0.6666666666666666,0.2533783783783784,0.6666666666666666,601713,4.14,1.13,10.66115702479339,0.28907563025210087,10.66115702479339,2.231404958677686,0.06050420168067227,2.231404958677686,4.777777777777778,False,62.96
151,MLB,batter_strikeouts,0.5,CJ Abrams,Abrams,-209,1.48,over,0.71,682928,778153,2025-04-27,Nationals Park,True,0,1,0.24584103512014788,0.0664451827242525,6,0.16666666666666666,0.0664451827242525,0.16666666666666666,1.0,0.21262458471760798,1.0,656731,4.04,1.31,10.5,0.27002967359050445,10.5,3.6923076923076925,0.09495548961424333,3.6923076923076925,2.84375,False,66.02
152,MLB,batter_strikeouts,0.5,CJ Abrams,Abrams,+168,2.68,under,1.33,682928,778153,2025-04-27,Nationals Park,True,0,1,0.24584103512014788,0.0664451827242525,6,0.16666666666666666,0.0664451827242525,0.16666666666666666,1.0,0.21262458471760798,1.0,656731,4.04,1.31,10.5,0.27002967359050445,10.5,3.6923076923076925,0.09495548961424333,3.6923076923076925,2.84375,False,66.02
153,MLB,batter_strikeouts,0.5,Riley Greene,Greene,-179,1.56,over,0.75,682985,778155,2025-04-27,Comerica Park,True,0,1,0.26171875,0.1095890410958904,4,0.0,0.1095890410958904,0.0,1.75,0.2671232876712329,1.75,665152,4.1,1.24,8.56811145510836,0.2224231464737794,8.56811145510836,3.552631578947369,0.0922242314647378,3.5526315789473686,2.411764705882353,False,59.0
154,MLB,batter_strikeouts,0.5,Riley Greene,Greene,+144,2.44,under,1.21,682985,778155,2025-04-27,Comerica Park,True,0,1,0.26171875,0.1095890410958904,4,0.0,0.1095890410958904,0.0,1.75,0.2671232876712329,1.75,665152,4.1,1.24,8.56811145510836,0.2224231464737794,8.56811145510836,3.552631578947369,0.0922242314647378,3.5526315789473686,2.411764705882353,False,59.0
155,MLB,batter_strikeouts,0.5,Corbin Carroll,Carroll,-239,1.42,over,0.68,682998,778177,2025-04-25,Chase Field,True,0,1,0.23089983022071306,0.1067251461988304,11,0.5454545454545454,0.1067251461988304,0.5,0.5454545454545454,0.19005847953216373,0.6,519242,2.3800000000000003,1.0100000000000002,11.427765237020317,0.32051282051282054,11.427765237020317,1.9808126410835218,0.05555555555555555,1.9808126410835218,5.769230769230769,True,89.96000000000001
156,MLB,batter_strikeouts,0.5,Corbin Carroll,Carroll,+190,2.9,under,1.45,682998,778177,2025-04-25,Chase Field,True,0,1,0.23089983022071306,0.1067251461988304,11,0.5454545454545454,0.1067251461988304,0.5,0.5454545454545454,0.19005847953216373,0.6,519242,2.3800000000000003,1.0100000000000002,11.427765237020317,0.32051282051282054,11.427765237020317,1.9808126410835218,0.05555555555555555,1.9808126410835218,5.769230769230769,True,89.96000000000001
157,MLB,batter_strikeouts,0.5,Gunnar Henderson,Henderson,-223,1.45,over,0.69,683002,778062,2025-05-04,Oriole Park at Camden Yards,True,1,1,0.28095238095238095,0.10848400556328233,8,0.25,0.10848400556328233,0.25,0.875,0.2211404728789986,0.875,547179,3.81,1.2800000000000002,6.6699604743083,0.17899761336515513,6.6699604743083,4.268774703557312,0.11455847255369929,4.268774703557312,1.5625,False,66.92
158,MLB,batter_strikeouts,0.5,Gunnar Henderson,Henderson,+179,2.79,under,1.4,683002,778062,2025-05-04,Oriole Park at Camden Yards,True,1,1,0.28095238095238095,0.10848400556328233,8,0.25,0.10848400556328233,0.25,0.875,0.2211404728789986,0.875,547179,3.81,1.2800000000000002,6.6699604743083,0.17899761336515513,6.6699604743083,4.268774703557312,0.11455847255369929,4.268774703557312,1.5625,False,66.92
159,MLB,walks,0.5,Anthony Volpe,Volpe,+166,2.66,over,1.39,683011,778074,2025-05-03,Yankee Stadium,False,0,0,0.24332810047095763,0.06095791001451379,14,0.5,0.06095791001451379,0.5,1.0714285714285714,0.22641509433962265,1.0,641793,3.63,1.25,8.129404228058938,0.2149390243902439,8.129404228058938,1.7873158231902628,0.04725609756097561,1.7873158231902628,4.548387096774194,False,78.08000000000001
160,MLB,walks,0.5,Anthony Volpe,Volpe,-239,1.42,under,0.69,683011,778074,2025-05-03,Yankee Stadium,False,0,0,0.24332810047095763,0.06095791001451379,14,0.5,0.06095791001451379,0.5,1.0714285714285714,0.22641509433962265,1.0,641793,3.63,1.25,8.129404228058938,0.2149390243902439,8.129404228058938,1.7873158231902628,0.04725609756097561,1.7873158231902628,4.548387096774194,False,78.08000000000001
161,MLB,batter_strikeouts,1.5,Anthony Volpe,Volpe,+189,2.89,over,1.45,683011,778074,2025-05-03,Yankee Stadium,False,0,0,0.24332810047095763,0.06095791001451379,14,0.5,0.06095791001451379,0.5,1.0714285714285714,0.22641509433962265,1.0,641793,3.63,1.25,8.129404228058938,0.2149390243902439,8.129404228058938,1.7873158231902628,0.04725609756097561,1.7873158231902628,4.548387096774194,False,78.08000000000001
162,MLB,batter_strikeouts,1.5,Anthony Volpe,Volpe,-239,1.42,under,0.68,683011,778074,2025-05-03,Yankee Stadium,False,0,0,0.24332810047095763,0.06095791001451379,14,0.5,0.06095791001451379,0.5,1.0714285714285714,0.22641509433962265,1.0,641793,3.63,1.25,8.129404228058938,0.2149390243902439,8.129404228058938,1.7873158231902628,0.04725609756097561,1.7873158231902628,4.548387096774194,False,78.08000000000001
163,MLB,batter_strikeouts,0.5,Sal Frelick,Frelick,+141,2.41,over,1.19,686217,778071,2025-05-03,American Family Field,False,0,0,0.25894736842105265,0.07442748091603053,10,0.6,0.07442748091603053,0.6,0.5,0.14885496183206107,0.5,592791,3.2700000000000005,1.13,6.814052089642641,0.18518518518518517,6.814052089642641,1.7989097516656574,0.04888888888888889,1.7989097516656574,3.787878787878788,True,46.4
164,MLB,batter_strikeouts,0.5,Sal Frelick,Frelick,-173,1.58,under,0.76,686217,778071,2025-05-03,American Family Field,False,0,0,0.25894736842105265,0.07442748091603053,10,0.6,0.07442748091603053,0.6,0.5,0.14885496183206107,0.5,592791,3.2700000000000005,1.13,6.814052089642641,0.18518518518518517,6.814052089642641,1.7989097516656574,0.04888888888888889,1.7989097516656574,3.787878787878788,True,46.4
165,MLB,batter_strikeouts,0.5,Vinnie Pasquantino,Pasquantino,-118,1.85,over,1.0,686469,778152,2025-04-27,Kauffman Stadium,True,0,1,0.2620967741935484,0.07220216606498195,8,0.25,0.07220216606498195,0.25,0.25,0.12815884476534295,0.25,686613,3.4899999999999998,1.2700000000000002,9.476470588235294,0.25140449438202245,9.476470588235294,3.176470588235294,0.08426966292134831,3.176470588235294,2.9833333333333334,False,60.8
166,MLB,batter_strikeouts,0.5,Vinnie Pasquantino,Pasquantino,-104,1.97,under,1.0,686469,778152,2025-04-27,Kauffman Stadium,True,0,1,0.2620967741935484,0.07220216606498195,8,0.25,0.07220216606498195,0.25,0.25,0.12815884476534295,0.25,686613,3.4899999999999998,1.2700000000000002,9.476470588235294,0.25140449438202245,9.476470588235294,3.176470588235294,0.08426966292134831,3.176470588235294,2.9833333333333334,False,60.8
167,MLB,batter_strikeouts,0.5,Zach Neto,Neto,-200,1.5,over,0.72,687263,778067,2025-05-03,Angel Stadium,True,0,1,0.24907749077490776,0.06478405315614617,6,0.0,0.06478405315614617,0.0,1.3333333333333333,0.23255813953488372,1.3333333333333333,656427,2.9500000000000006,0.9600000000000001,11.271186440677965,0.3204819277108434,11.271186440677965,1.6101694915254237,0.04578313253012048,1.6101694915254237,7.0,False,66.02
168,MLB,batter_strikeouts,0.5,Zach Neto,Neto,+160,2.6,under,1.29,687263,778067,2025-05-03,Angel Stadium,True,0,1,0.24907749077490776,0.06478405315614617,6,0.0,0.06478405315614617,0.0,1.3333333333333333,0.23255813953488372,1.3333333333333333,656427,2.9500000000000006,0.9600000000000001,11.271186440677965,0.3204819277108434,11.271186440677965,1.6101694915254237,0.04578313253012048,1.6101694915254237,7.0,False,66.02
169,MLB,batter_strikeouts,0.5,Jackson Chourio,Chourio,-129,1.78,over,0.91,694192,778071,2025-05-03,American Family Field,True,0,0,0.2746212121212121,0.06806282722513089,10,0.1,0.06806282722513089,0.1,1.0,0.2111692844677138,1.0,592791,3.2700000000000005,1.13,6.814052089642641,0.18518518518518517,6.814052089642641,1.7989097516656574,0.04888888888888889,1.7989097516656574,3.787878787878788,True,46.4
170,MLB,batter_strikeouts,0.5,Jackson Chourio,Chourio,+105,2.05,under,1.05,694192,778071,2025-05-03,American Family Field,True,0,0,0.2746212121212121,0.06806282722513089,10,0.1,0.06806282722513089,0.1,1.0,0.2111692844677138,1.0,592791,3.2700000000000005,1.13,6.814052089642641,0.18518518518518517,6.814052089642641,1.7989097516656574,0.04888888888888889,1.7989097516656574,3.787878787878788,True,46.4
171,MLB,batter_strikeouts,0.5,Wyatt Langford,Langford,-164,1.61,over,0.79,694671,778070,2025-05-03,Globe Life Field,True,1,1,0.25250501002004005,0.09156193895870736,10,0.4,0.09156193895870736,0.4,0.8,0.20646319569120286,0.8,622491,3.64,1.17,8.994860079954313,0.24339360222531292,8.994860079954313,2.4157624214734437,0.06536856745479833,2.415762421473444,3.723404255319149,True,71.24000000000001
172,MLB,batter_strikeouts,0.5,Wyatt Langford,Langford,+134,2.34,under,1.18,694671,778070,2025-05-03,Globe Life Field,True,1,1,0.25250501002004005,0.09156193895870736,10,0.4,0.09156193895870736,0.4,0.8,0.20646319569120286,0.8,622491,3.64,1.17,8.994860079954313,0.24339360222531292,8.994860079954313,2.4157624214734437,0.06536856745479833,2.415762421473444,3.723404255319149,True,71.24000000000001
173,MLB,walks,0.5,James Wood,Wood,-102,1.99,over,1.05,695578,778138,2025-04-28,Nationals Park,True,1,1,0.26440677966101694,0.11607142857142858,8,0.5,0.11607142857142858,0.5,1.375,0.28869047619047616,1.375,656288,4.0,1.3,8.0,0.22,8.0,3.0,0.08,3.0,2.7,False,73.94
174,MLB,walks,0.5,James Wood,Wood,-137,1.73,under,0.91,695578,778138,2025-04-28,Nationals Park,True,1,1,0.26440677966101694,0.11607142857142858,8,0.5,0.11607142857142858,0.5,1.375,0.28869047619047616,1.375,656288,4.0,1.3,8.0,0.22,8.0,3.0,0.08,3.0,2.7,False,73.94
175,MLB,batter_strikeouts,1.5,James Wood,Wood,+102,2.02,over,1.04,695578,778138,2025-04-28,Nationals Park,True,1,1,0.26440677966101694,0.11607142857142858,8,0.5,0.11607142857142858,0.5,1.375,0.28869047619047616,1.375,656288,4.0,1.3,8.0,0.22,8.0,3.0,0.08,3.0,2.7,False,73.94
176,MLB,batter_strikeouts,1.5,James Wood,Wood,-125,1.8,under,0.92,695578,778138,2025-04-28,Nationals Park,True,1,1,0.26440677966101694,0.11607142857142858,8,0.5,0.11607142857142858,0.5,1.375,0.28869047619047616,1.375,656288,4.0,1.3,8.0,0.22,8.0,3.0,0.08,3.0,2.7,False,73.94
177,MLB,walks,0.5,Ben Rice,Rice,+179,2.79,over,1.47,700250,778074,2025-05-03,Yankee Stadium,True,0,1,0.17105263157894737,0.11235955056179775,12,0.4166666666666667,0.11235955056179775,0.4,1.0,0.2696629213483146,1.1,641793,3.63,1.25,8.129404228058938,0.2149390243902439,8.129404228058938,1.7873158231902628,0.04725609756097561,1.7873158231902628,4.548387096774194,False,78.08000000000001
178,MLB,walks,0.5,Ben Rice,Rice,-257,1.39,under,0.68,700250,778074,2025-05-03,Yankee Stadium,True,0,1,0.17105263157894737,0.11235955056179775,12,0.4166666666666667,0.11235955056179775,0.4,1.0,0.2696629213483146,1.1,641793,3.63,1.25,8.129404228058938,0.2149390243902439,8.129404228058938,1.7873158231902628,0.04725609756097561,1.7873158231902628,4.548387096774194,False,78.08000000000001
179,MLB,batter_strikeouts,1.5,Ben Rice,Rice,+162,2.62,over,1.3,700250,778074,2025-05-03,Yankee Stadium,True,0,1,0.17105263157894737,0.11235955056179775,12,0.4166666666666667,0.11235955056179775,0.4,1.0,0.2696629213483146,1.1,641793,3.63,1.25,8.129404228058938,0.2149390243902439,8.129404228058938,1.7873158231902628,0.04725609756097561,1.7873158231902628,4.548387096774194,False,78.08000000000001
180,MLB,batter_strikeouts,1.5,Ben Rice,Rice,-200,1.5,under,0.72,700250,778074,2025-05-03,Yankee Stadium,True,0,1,0.17105263157894737,0.11235955056179775,12,0.4166666666666667,0.11235955056179775,0.4,1.0,0.2696629213483146,1.1,641793,3.63,1.25,8.129404228058938,0.2149390243902439,8.129404228058938,1.7873158231902628,0.04725609756097561,1.7873158231902628,4.548387096774194,False,78.08000000000001
181,MLB,batter_strikeouts,0.5,Jackson Merrill,Merrill,-159,1.63,over,0.8,701538,778476,2025-04-02,Petco Park,True,0,1,0.2924187725631769,0.048903878583473864,3,0.3333333333333333,0.048903878583473864,0.3333333333333333,0.6666666666666666,0.1703204047217538,0.6666666666666666,594902,3.81,1.25,7.033112582781457,0.18670886075949367,7.033112582781457,2.9205298013245033,0.07753164556962025,2.9205298013245033,2.4081632653061225,False,60.98
182,MLB,batter_strikeouts,0.5,Jackson Merrill,Merrill,+130,2.3,under,1.16,701538,778476,2025-04-02,Petco Park,True,0,1,0.2924187725631769,0.048903878583473864,3,0.3333333333333333,0.048903878583473864,0.3333333333333333,0.6666666666666666,0.1703204047217538,0.6666666666666666,594902,3.81,1.25,7.033112582781457,0.18670886075949367,7.033112582781457,2.9205298013245033,0.07753164556962025,2.9205298013245033,2.4081632653061225,False,60.98
183,MLB,walks,0.5,Jackson Holliday,Holliday,+182,2.82,over,1.49,702616,778062,2025-05-04,Oriole Park at Camden Yards,False,0,0,0.18947368421052632,0.07211538461538461,8,0.375,0.07211538461538461,0.375,0.5,0.3317307692307692,0.5,547179,3.81,1.2800000000000002,6.6699604743083,0.17899761336515513,6.6699604743083,4.268774703557312,0.11455847255369929,4.268774703557312,1.5625,False,66.92
184,MLB,walks,0.5,Jackson Holliday,Holliday,-264,1.38,under,0.67,702616,778062,2025-05-04,Oriole Park at Camden Yards,False,0,0,0.18947368421052632,0.07211538461538461,8,0.375,0.07211538461538461,0.375,0.5,0.3317307692307692,0.5,547179,3.81,1.2800000000000002,6.6699604743083,0.17899761336515513,6.6699604743083,4.268774703557312,0.11455847255369929,4.268774703557312,1.5625,False,66.92
185,MLB,batter_strikeouts,1.5,Jackson Holliday,Holliday,+203,3.03,over,1.53,702616,778062,2025-05-04,Oriole Park at Camden Yards,False,0,0,0.18947368421052632,0.07211538461538461,8,0.375,0.07211538461538461,0.375,0.5,0.3317307692307692,0.5,547179,3.81,1.2800000000000002,6.6699604743083,0.17899761336515513,6.6699604743083,4.268774703557312,0.11455847255369929,4.268774703557312,1.5625,False,66.92
186,MLB,batter_strikeouts,1.5,Jackson Holliday,Holliday,-257,1.39,under,0.66,702616,778062,2025-05-04,Oriole Park at Camden Yards,False,0,0,0.18947368421052632,0.07211538461538461,8,0.375,0.07211538461538461,0.375,0.5,0.3317307692307692,0.5,547179,3.81,1.2800000000000002,6.6699604743083,0.17899761336515513,6.6699604743083,4.268774703557312,0.11455847255369929,4.268774703557312,1.5625,False,66.92
187,MLB,batter_strikeouts,0.5,Jung Hoo Lee,Lee,+126,2.26,over,1.14,808982,778082,2025-05-02,Oracle Park,True,0,1,0.2620689655172414,0.06329113924050633,9,0.1111111111111111,0.06329113924050633,0.1111111111111111,0.5555555555555556,0.08227848101265822,0.5555555555555556,622608,6.569999999999999,1.8600000000000003,5.206611570247934,0.12962962962962962,5.206611570247934,5.9504132231404965,0.14814814814814814,5.9504132231404965,0.875,False,55.94
188,MLB,batter_strikeouts,0.5,Jung Hoo Lee,Lee,-157,1.64,under,0.81,808982,778082,2025-05-02,Oracle Park,True,0,1,0.2620689655172414,0.06329113924050633,9,0.1111111111111111,0.06329113924050633,0.1111111111111111,0.5555555555555556,0.08227848101265822,0.5555555555555556,622608,6.569999999999999,1.8600000000000003,5.206611570247934,0.12962962962962962,5.206611570247934,5.9504132231404965,0.14814814814814814,5.9504132231404965,0.875,False,55.94
